{
    "string_xposypos" : "NOT THE DEFAULT{four_space_indent}show {image}:\n{eight_space_indent}pos ({xcoord}, {ycoord})\n",
    "string_atsetposxy": "{four_space_indent}show {image}:\n{eight_space_indent}at setPos({xcoord}, {ycoord})\n",
    "string_alignxy"  : "{four_space_indent}show {image}:\n{eight_space_indent}align ({xcoord}, {ycoord})\n",
    "string_xalignyalign" : "{four_space_indent}show {image}:\n{eight_space_indent}xalign {xcoord} yalign {ycoord}\n",
    "string_normalimagedef" : "image {image} = \"{path_to_image}.{file_extension}\"\n",
    "string_layeredimagedefstart" : "layeredimage {overall_image}:\n",
    "atl_zoom_decimal_places" : "3",
    "atl_rotate_decimal_places" : "3"
}