{
    "string_posxy" : "{four_space_indent}show {image}:\n{eight_space_indent}pos ({xcoord}, {ycoord})\n",
    "string_xposxyposy" : "{four_space_indent}show {image}:\n{eight_space_indent}xpos {xcoord} ypos {ycoord}\n",
    "string_atsetposxy": "{four_space_indent}show {image}:\n{eight_space_indent}at setPos({xcoord}, {ycoord})\n",
    "string_alignxy"  : "{four_space_indent}show {image}:\n{eight_space_indent}align ({xcoord}, {ycoord})\n",
    "string_xalignxyaligny" : "{four_space_indent}show {image}:\n{eight_space_indent}xalign {xcoord} yalign {ycoord}\n",
    "string_normalimagedef" : "image {image} = \"{path_to_image}.{file_extension}\"\n",
    "string_layeredimagedef" : "Value not used, but key is.",
    "align_decimal_places" : "3",
    "atl_zoom_decimal_places" : "3",
    "atl_rotate_decimal_places" : "3",
    "directory_starter" : "",
    "lock_windows_to_front" : "true",
    "posxy_button_text" : "pos (x, y)",
    "xposxyposy_button_text" : "xpos x ypos y",
    "atsetposxy_button_text" : "at setPos(x, y)",
    "alignxy_button_text" : "align (x, y)",
    "xalignxyaligny_button_text" : "xalign x yalign y",
    "customize_button_text" : "Customize",
    "script_window_w_size_multiplier" : "1.1",
    "script_window_h_size_multiplier" : "0.8",
    "script_font_size" : "10"
}